date,subreddit,kind,author,excerpt,url,score,num_comments,sentiment
2026-04-30,GutHealth,post,solsticeretouch,"Lifeway Kefir is working but Chobani is not, why is that?",https://reddit.com/r/GutHealth/comments/1t08p1r/lifeway_kefir_is_working_but_chobani_is_not_why/,2,5,positive
2026-04-24,Kefir,post,hog-drop,Wildly different taste depending on brand.,https://reddit.com/r/Kefir/comments/1sulhxr/wildly_different_taste_depending_on_brand/,3,11,positive
2026-04-04,GutHealth,post,suppersanity,Farmer’s Cheese,https://reddit.com/r/GutHealth/comments/1sck1a0/farmers_cheese/,1,0,neutral
2026-03-12,Kefir,post,greenangelfish,Healing of gut lining and gut health,https://reddit.com/r/Kefir/comments/1rrz75t/healing_of_gut_lining_and_gut_health/,10,13,positive
2026-03-12,GutHealth,post,greenangelfish,Has drinking Lifeway Kefir long term helped you heal your gut lining/gut health?,https://reddit.com/r/GutHealth/comments/1rrz993/has_drinking_lifeway_kefir_long_term_helped_you/,1,0,positive
2026-01-28,Kefir,post,quick_respond_9478,A few questions for the experts,https://reddit.com/r/Kefir/comments/1qpeah7/a_few_questions_for_the_experts/,0,4,positive
2026-01-28,Kefir,post,mysterious_stage611,How to achieve Straus quality flavor?,https://reddit.com/r/Kefir/comments/1qppevp/how_to_achieve_straus_quality_flavor/,0,7,positive
2025-12-28,Kefir,post,girugamesh_2009,"Kefir ""chunky"" with an aftertaste--normal?",https://reddit.com/r/Kefir/comments/1py20eb/kefir_chunky_with_an_aftertastenormal/,2,5,neutral
2025-12-26,Kefir,post,richardthe7th,Lifeway flavored kefir question,https://reddit.com/r/Kefir/comments/1pwguzt/lifeway_flavored_kefir_question/,7,4,neutral
2025-12-17,Kefir,post,itchy_complex_5641,Homemade kefir or store brand?,https://reddit.com/r/Kefir/comments/1pp5vao/homemade_kefir_or_store_brand/,1,0,neutral
2025-12-17,Microbiome,post,itchy_complex_5641,How do you make homemade kefir,https://reddit.com/r/Microbiome/comments/1pp5fpc/how_do_you_make_homemade_kefir/,3,12,positive
2025-12-17,Probiotics,post,itchy_complex_5641,How do you make homemade Kefir,https://reddit.com/r/Probiotics/comments/1pp5dom/how_do_you_make_homemade_kefir/,2,1,positive
2025-12-08,Kefir,post,firm-pattern4482,Kefir buy now options?,https://reddit.com/r/Kefir/comments/1phhag1/kefir_buy_now_options/,2,9,neutral
2025-12-07,Probiotics,post,rough_astronaut_4885,Probiotic capsules vs Store bought plain Kefir?,https://reddit.com/r/Probiotics/comments/1pgvobz/probiotic_capsules_vs_store_bought_plain_kefir/,0,0,neutral
2025-10-22,Kefir,post,wessiejune,For those who drink Lifeway...,https://reddit.com/r/Kefir/comments/1od842q/for_those_who_drink_lifeway/,2,13,neutral
2025-10-06,Kefir,post,sure_fig_8641,I love kefir!,https://reddit.com/r/Kefir/comments/1nz6yu5/i_love_kefir/,20,19,neutral
2025-10-03,Kefir,post,reasonable-shoe-361,Which brand is better?,https://reddit.com/r/Kefir/comments/1nxa4hv/which_brand_is_better/,0,9,neutral
2025-09-30,Kefir,post,capilot,Where to get chocolate kefir?,https://reddit.com/r/Kefir/comments/1nuhdpr/where_to_get_chocolate_kefir/,5,9,neutral
2025-09-07,Kefir,post,sure_fig_8641,Just gotta say Thanks!,https://reddit.com/r/Kefir/comments/1naymte/just_gotta_say_thanks/,37,7,neutral
2025-08-24,Kefir,post,rolowrites,CFU count on Trader Joe’s Kefir?,https://reddit.com/r/Kefir/comments/1mzb9t9/cfu_count_on_trader_joes_kefir/,13,17,positive
2025-08-08,Kefir,post,sunshineboy777,Im not sure about the taste.,https://reddit.com/r/Kefir/comments/1ml1eh7/im_not_sure_about_the_taste/,0,12,negative
2025-07-25,Kefir,post,kneecapfeilds,flavor fusions,https://reddit.com/r/Kefir/comments/1m8qh2f/flavor_fusions/,6,12,neutral
2025-07-22,Kefir,post,intergalactagogue,Separation on top and other times on the bottom? Also please help.,https://reddit.com/r/Kefir/comments/1m6ilc2/separation_on_top_and_other_times_on_the_bottom/,8,36,neutral
2025-07-19,Kefir,post,sure_fig_8641,Traveling?,https://reddit.com/r/Kefir/comments/1m3xwl0/traveling/,3,9,neutral
2025-07-08,Kefir,post,buttrd-toast,From store bought to homemade - will I be ok?,https://reddit.com/r/Kefir/comments/1lun1qo/from_store_bought_to_homemade_will_i_be_ok/,7,23,neutral
2025-07-07,Kefir,post,salasred,Lifeway K2 content?,https://reddit.com/r/Kefir/comments/1ltkx1g/lifeway_k2_content/,0,7,neutral
2025-06-30,Kefir,post,significantdig1174,Lifeway Kefir in India,https://reddit.com/r/Kefir/comments/1lo148v/lifeway_kefir_in_india/,1,1,neutral
2025-06-23,Kefir,post,jlester217,Lifeway kefirs,https://reddit.com/r/Kefir/comments/1li72un/lifeway_kefirs/,3,4,positive
2025-06-13,Microbiome,post,squishmallow2399,Looking for kefir that’s not too sweet and has no added sugar,https://reddit.com/r/Microbiome/comments/1las5kx/looking_for_kefir_thats_not_too_sweet_and_has_no/,0,3,positive
2025-06-08,Kefir,post,pleasantchip3,USA store bought kefir recommendations?,https://reddit.com/r/Kefir/comments/1l62zio/usa_store_bought_kefir_recommendations/,1,15,positive
2025-06-07,Microbiome,post,empty-estate-7570,Jarrow Probiotic Capsules,https://reddit.com/r/Microbiome/comments/1l5nshr/jarrow_probiotic_capsules/,1,3,neutral
2025-06-06,Kefir,post,volitionalorozco,Best Before Date on Lifeway Kefir,https://reddit.com/r/Kefir/comments/1l4x362/best_before_date_on_lifeway_kefir/,3,2,positive
2025-06-01,Kefir,post,nowillow8523,Good Moood Farms Kefir Costco Canada,https://reddit.com/r/Kefir/comments/1l0x9ky/good_moood_farms_kefir_costco_canada/,1,1,neutral
2025-05-31,Kefir,post,red-pilled-aussie,Fever and weakness 6 hours after drinking kefir?,https://reddit.com/r/Kefir/comments/1kztu42/fever_and_weakness_6_hours_after_drinking_kefir/,0,9,neutral
2025-05-27,Kefir,post,red-pilled-aussie,Kefir cured my IBS and depression/anxiety,https://reddit.com/r/Kefir/comments/1kwkpwc/kefir_cured_my_ibs_and_depressionanxiety/,13,6,positive
2025-05-07,Kefir,post,spacehistorical8518,"What are your worst experiences with Kefir, like side effects or anything out of the ordinary?",https://reddit.com/r/Kefir/comments/1kh8y9u/what_are_your_worst_experiences_with_kefir_like/,4,4,neutral
2025-05-01,Microbiome,post,dyslexicnoodle,kefir,https://reddit.com/r/Microbiome/comments/1kc09fp/kefir/,2,4,neutral
2025-04-25,Kefir,post,ginseng_strip_,kefir addiction,https://reddit.com/r/Kefir/comments/1k7chde/kefir_addiction/,4,5,positive
2025-04-23,Kefir,post,comprehensiveboard98,Low Salvia/Acid Reflux,https://reddit.com/r/Kefir/comments/1k6coug/low_salviaacid_reflux/,1,0,neutral
2025-03-19,Kefir,post,dopey12001,Blood in stool?,https://reddit.com/r/Kefir/comments/1jezmf1/blood_in_stool/,0,13,neutral
2025-02-25,Kefir,post,moderatemeans32,I drink a whole botte of kefir in a day once a week,https://reddit.com/r/Kefir/comments/1ixpcwz/i_drink_a_whole_botte_of_kefir_in_a_day_once_a/,0,25,positive
2025-02-21,Kefir,post,fullerwhale,First time trying kefir question,https://reddit.com/r/Kefir/comments/1iue77i/first_time_trying_kefir_question/,3,9,positive
2025-02-11,Kefir,post,isabellaleonarda1702,SUCCESS!!!,https://reddit.com/r/Kefir/comments/1incj8c/success/,5,6,neutral
2025-01-27,Kefir,post,apprehensivemoney466,URGENT!!! Is arla kefir the real deal?,https://reddit.com/r/Kefir/comments/1ibboag/urgent_is_arla_kefir_the_real_deal/,0,27,neutral
2025-01-13,ValueInvesting,post,raytoei,"Special Situation Podcasts for Mergers & Acquisitions, Spinoffs, Stock buybacks and insider transactions etc. (US STEEL, Lifeway Foods)",https://reddit.com/r/ValueInvesting/comments/1i0qoeb/special_situation_podcasts_for_mergers/,1,0,neutral
2025-01-13,Kefir,post,heureusefilles,New to making kefir: any suggestions?,https://reddit.com/r/Kefir/comments/1i0i5vb/new_to_making_kefir_any_suggestions/,3,4,neutral
2025-01-13,Kefir,post,ptrckbtmn-apologist,Does homemade kefir taste like store-bought kefir?,https://reddit.com/r/Kefir/comments/1i0htiv/does_homemade_kefir_taste_like_storebought_kefir/,1,19,positive
2025-01-10,GutHealth,post,mammoth-blackberry85,is this a normal amount of bloating or should I seek help?,https://reddit.com/r/GutHealth/comments/1hxuf3s/is_this_a_normal_amount_of_bloating_or_should_i/,33,32,negative
2025-01-07,fermentation,post,z_zz_z_zz,Question about making hot chocolate with kefir,https://reddit.com/r/fermentation/comments/1hved7u/question_about_making_hot_chocolate_with_kefir/,2,0,neutral
2024-12-15,Kefir,post,obolerarch,Adding L. Reuteri to grains with Lifeway Kefir,https://reddit.com/r/Kefir/comments/1hf22m7/adding_l_reuteri_to_grains_with_lifeway_kefir/,3,1,neutral
2024-12-11,Kefir,post,dopestwitch,Tips to make Kefir more palatable?,https://reddit.com/r/Kefir/comments/1hc6rbj/tips_to_make_kefir_more_palatable/,4,32,neutral
2024-10-30,Kefir,post,bvxb,Gassy adjustment period?,https://reddit.com/r/Kefir/comments/1gfq8m1/gassy_adjustment_period/,1,4,neutral
2024-10-20,Kefir,post,prizehedgehog3334,Is this a healing crisis?,https://reddit.com/r/Kefir/comments/1g88cfm/is_this_a_healing_crisis/,4,9,neutral
2024-10-04,Kefir,post,-carbsaregood-,Doctor online says we don’t get benefit from kefir probiotics?,https://reddit.com/r/Kefir/comments/1fvxy5o/doctor_online_says_we_dont_get_benefit_from_kefir/,23,82,positive
2024-10-02,GutHealth,post,sherbertwestern9777,Lifeway ?,https://reddit.com/r/GutHealth/comments/1fuumiy/lifeway/,2,9,neutral
2024-09-27,Kefir,post,fansalty961,Organic Kefir,https://reddit.com/r/Kefir/comments/1fqqmnw/organic_kefir/,1,4,neutral
2024-09-09,Kefir,post,bkbully856,Trying real raw kefir for my colitis,https://reddit.com/r/Kefir/comments/1fcgesi/trying_real_raw_kefir_for_my_colitis/,3,16,neutral
2024-09-05,Kefir,post,maddgun,Did my store bought kefir give me food poisoning?,https://reddit.com/r/Kefir/comments/1f9bfrg/did_my_store_bought_kefir_give_me_food_poisoning/,1,15,neutral
2024-08-31,fermentation,post,main_onion_4487,How to get kefir carbonated,https://reddit.com/r/fermentation/comments/1f5same/how_to_get_kefir_carbonated/,5,6,neutral
2024-08-22,Kefir,post,thestoryhacker,Did my Kefir go bad?,https://reddit.com/r/Kefir/comments/1eyx09x/did_my_kefir_go_bad/,3,11,neutral
2024-08-22,Kefir,post,ghostfacedgf,lifeway kefir stings when drinking- is it rotten?,https://reddit.com/r/Kefir/comments/1eysp6y/lifeway_kefir_stings_when_drinking_is_it_rotten/,1,4,positive
2024-08-17,GutHealth,post,solsticeretouch,"I feel much better on Yakult and Culturelle, what else should I try that's better?",https://reddit.com/r/GutHealth/comments/1eu51br/i_feel_much_better_on_yakult_and_culturelle_what/,4,0,positive
2024-08-13,Kefir,post,captainfuzzybootz,What should milk kefir taste like?,https://reddit.com/r/Kefir/comments/1erj2yj/what_should_milk_kefir_taste_like/,3,22,negative
2024-08-08,Kefir,post,subject-cycle-6266,I need a similar brand like Wallaby and lifeway,https://reddit.com/r/Kefir/comments/1enaqw1/i_need_a_similar_brand_like_wallaby_and_lifeway/,4,3,neutral
2024-08-07,Costco,post,mahlerlieber,Costco is currently on my s*** list.,https://reddit.com/r/Costco/comments/1emgw5t/costco_is_currently_on_my_s_list/,0,41,positive
2024-07-21,Kefir,post,tumblewashdry,Exempt kefir from time-restricted eating?,https://reddit.com/r/Kefir/comments/1e8lfc8/exempt_kefir_from_timerestricted_eating/,1,10,neutral
2024-07-15,Kefir,post,dendrtree,Aerobic vs. Nonaerobic Fermentation,https://reddit.com/r/Kefir/comments/1e49u2c/aerobic_vs_nonaerobic_fermentation/,0,1,neutral
2024-07-08,Kefir,post,localguideseo,How much is too much kefir?,https://reddit.com/r/Kefir/comments/1dyktwh/how_much_is_too_much_kefir/,8,20,positive
2024-05-29,Kefir,post,farvax42,Kefir troubleshooting/advice,https://reddit.com/r/Kefir/comments/1d2zsch/kefir_troubleshootingadvice/,4,3,neutral
2024-05-14,Kefir,post,yumaozz,Constipated after starting kefir - what to do?,https://reddit.com/r/Kefir/comments/1cs43q2/constipated_after_starting_kefir_what_to_do/,2,15,positive
2024-05-12,Kefir,post,kaykatzz,Nutritional Value of Homemade Kefir,https://reddit.com/r/Kefir/comments/1cqko4q/nutritional_value_of_homemade_kefir/,7,14,neutral
2024-05-09,Kefir,post,equivalent-air7529,How much is enough?,https://reddit.com/r/Kefir/comments/1co0712/how_much_is_enough/,5,24,positive
2024-04-30,Kefir,post,adagiofrequent9229,Lifeway Organic vanilla kefir,https://reddit.com/r/Kefir/comments/1cgiwob/lifeway_organic_vanilla_kefir/,1,0,neutral
2024-04-29,Kefir,post,throwaway_2q,Lifeway Kefir seal (or lack thereof)?,https://reddit.com/r/Kefir/comments/1cfrbsi/lifeway_kefir_seal_or_lack_thereof/,2,2,neutral
2024-04-28,Kefir,post,deadspeech14,Left Out Lifeway Kefir,https://reddit.com/r/Kefir/comments/1ceut0p/left_out_lifeway_kefir/,1,10,neutral
2024-04-02,Kefir,post,zallydidit,I did an experiment while waiting for new grains to arrive,https://reddit.com/r/Kefir/comments/1btqv7c/i_did_an_experiment_while_waiting_for_new_grains/,3,8,neutral
2024-03-26,Kefir,post,due-yesterday8260,Think I drank too much,https://reddit.com/r/Kefir/comments/1bnz80e/think_i_drank_too_much/,1,3,neutral
2024-03-25,Kefir,post,typeatryingtob,Does the fermentation process break down milk proteins?,https://reddit.com/r/Kefir/comments/1bn7w0x/does_the_fermentation_process_break_down_milk/,3,9,positive
2024-03-22,Kefir,post,jaycolorado,"Need some advice, am I wasting my time?",https://reddit.com/r/Kefir/comments/1bkyeft/need_some_advice_am_i_wasting_my_time/,7,20,neutral
2024-03-19,Microbiome,post,tazzy66,New to kefir,https://reddit.com/r/Microbiome/comments/1bii5ov/new_to_kefir/,1,6,neutral
