week,subreddit,query,post_count,pos_count,neg_count,neu_count
2023-06-25,Kefir,lifeway,1,0,0,1
2023-07-16,Kefir,lifeway,1,1,0,0
2023-07-30,Kefir,lifeway,1,0,1,0
2023-08-06,Kefir,lifeway,1,0,0,1
2023-08-20,ValueInvesting,lifeway,1,0,0,1
2023-09-10,Kefir,lifeway,1,0,0,1
2023-09-17,Kefir,lifeway,2,1,0,1
2023-10-29,GutHealth,lifeway,1,1,0,0
2023-11-05,Kefir,lifeway,1,1,0,0
2023-11-26,Kefir,lifeway,1,1,0,0
2023-12-24,Kefir,lifeway,1,0,1,0
2023-12-31,Kefir,lifeway,1,1,0,0
2024-01-07,Kefir,lifeway,1,0,1,0
2024-01-14,Kefir,lifeway,1,1,0,0
2024-01-28,Kefir,lifeway,1,0,0,1
2024-02-04,GutHealth,lifeway,1,0,0,1
2024-02-04,Microbiome,lifeway,1,0,0,1
2024-02-11,Kefir,lifeway,1,0,0,1
2024-02-25,Kefir,lifeway,1,0,1,0
2024-02-25,Microbiome,lifeway,1,0,0,1
2024-03-03,Kefir,lifeway,1,0,0,1
2024-03-10,Kefir,lifeway,2,0,0,2
2024-03-10,Probiotics,lifeway,1,0,0,1
2024-03-17,Kefir,lifeway,1,0,0,1
2024-03-24,Kefir,lifeway,2,0,0,2
2024-03-24,Microbiome,lifeway,1,0,0,1
2024-03-31,Kefir,lifeway,2,1,0,1
2024-04-07,Kefir,lifeway,1,0,0,1
2024-04-28,Kefir,lifeway,1,0,0,1
2024-05-05,Kefir,lifeway,2,0,0,2
2024-05-12,Kefir,lifeway,2,1,0,1
2024-05-19,Kefir,lifeway,1,1,0,0
2024-06-02,Kefir,lifeway,1,0,0,1
2024-07-14,Kefir,lifeway,1,1,0,0
2024-07-21,Kefir,lifeway,2,0,0,2
2024-08-11,Costco,lifeway,1,1,0,0
2024-08-11,Kefir,lifeway,1,0,0,1
2024-08-18,GutHealth,lifeway,1,1,0,0
2024-08-18,Kefir,lifeway,1,0,1,0
2024-08-25,Kefir,lifeway,2,1,0,1
2024-09-01,fermentation,lifeway,1,0,0,1
2024-09-08,Kefir,lifeway,1,0,0,1
2024-09-15,Kefir,lifeway,1,0,0,1
2024-09-29,Kefir,lifeway,1,0,0,1
2024-10-06,GutHealth,lifeway,1,0,0,1
2024-10-06,Kefir,lifeway,1,1,0,0
2024-10-20,Kefir,lifeway,1,0,0,1
2024-11-03,Kefir,lifeway,1,0,0,1
2024-12-15,Kefir,lifeway,2,0,0,2
2025-01-12,GutHealth,lifeway,1,0,1,0
2025-01-12,fermentation,lifeway,1,0,0,1
2025-01-19,Kefir,lifeway,2,1,0,1
2025-01-19,ValueInvesting,lifeway,1,0,0,1
2025-02-02,Kefir,lifeway,1,0,0,1
2025-02-16,Kefir,lifeway,1,0,0,1
2025-02-23,Kefir,lifeway,1,1,0,0
2025-03-02,Kefir,lifeway,1,1,0,0
2025-03-23,Kefir,lifeway,1,0,0,1
2025-04-27,Kefir,lifeway,2,1,0,1
2025-05-04,Microbiome,lifeway,1,0,0,1
2025-05-11,Kefir,lifeway,1,0,0,1
2025-06-01,Kefir,lifeway,3,1,0,2
2025-06-08,Kefir,lifeway,2,2,0,0
2025-06-08,Microbiome,lifeway,1,0,0,1
2025-06-15,Microbiome,lifeway,1,1,0,0
2025-06-29,Kefir,lifeway,1,1,0,0
2025-07-06,Kefir,lifeway,1,0,0,1
2025-07-13,Kefir,lifeway,2,0,0,2
2025-07-20,Kefir,lifeway,1,0,0,1
2025-07-27,Kefir,lifeway,2,0,0,2
2025-08-10,Kefir,lifeway,1,0,1,0
2025-08-24,Kefir,lifeway,1,1,0,0
2025-09-07,Kefir,lifeway,1,0,0,1
2025-10-05,Kefir,lifeway,2,0,0,2
2025-10-12,Kefir,lifeway,1,0,0,1
2025-10-26,Kefir,lifeway,1,0,0,1
2025-12-07,Probiotics,lifeway,1,0,0,1
2025-12-14,Kefir,lifeway,1,0,0,1
2025-12-21,Kefir,lifeway,1,0,0,1
2025-12-21,Microbiome,lifeway,1,1,0,0
2025-12-21,Probiotics,lifeway,1,1,0,0
2025-12-28,Kefir,lifeway,2,0,0,2
2026-02-01,Kefir,lifeway,2,2,0,0
2026-03-15,GutHealth,lifeway,1,1,0,0
2026-03-15,Kefir,lifeway,1,1,0,0
2026-04-05,GutHealth,lifeway,1,0,0,1
2026-04-26,Kefir,lifeway,1,1,0,0
2026-05-03,GutHealth,lifeway,1,1,0,0
